id;name;email;phone;description
1;Bedfordshire copy Auto;Florencia.Villalobos32@yahoo.com;998.214.195;program
2;Sabroso Adelante connect;Laura1@hotmail.com;942 941 395;invoice
3;virtual generate;Mara28@yahoo.com;953.007.872;generate Guapa
4;up experiences Turquia;Clara65@hotmail.com;931776730;escalable Pound
5;quantifying;Olivia_Quintana@gmail.com;970999161;Account
6;repurpose generating;Rosa84@yahoo.com;921.111.935;services Barrio
7;canal world-class Account;Mario_Tovar@gmail.com;926 279 872;Supervisor cross-platform
8;Platinum RAM;Jos_Samaniego@hotmail.com;922.123.771;known enable
9;Ghana terciaria Mascotas;JosLuis_Santiago4@gmail.com;900 648 478;Directo
10;Universal Guinea Puerta;Guadalupe.Barrios7@yahoo.com;953306956;payment
